HGT1-4,,HGT1-5,,HGT2-3,,HGT2-4,
X,Y,X,Y,X,Y,X,Y
7.653375677756529,2816.9054872076667,7.54728426458307,2932.256139397924,7.610939112487145,2713.986328304918,7.356319720870857,2767.1268475370925
8.94190411411779,2795.200496921527,8.438452135240112,2884.658771453347,9.196523505734078,2703.991659064701,8.884036070568627,2759.4112022769204
10.411752420266396,2802.2027502215606,9.584239397513443,2846.1463783031704,10.564524055236177,2701.478029674947,10.46962046381556,2744.209729300783
11.990392648287425,2828.272677892448,11.430229986731575,2796.277766659994,11.727285943617261,2661.5392515932817,11.727285943617261,2640.1215332374013
13.467185119661949,2855.5276022756498,13.085256032237496,2799.788868029811,13.170129162776263,2630.37822693616,12.139526863376972,2592.0069048231653
14.893053712713211,2897.7924850148174,14.47408907741729,2807.050464044658,14.612972381935279,2576.658375977966,12.754250823136317,2542.293471320885
15.558701550795803,2959.355885640226,16.07124707937406,2872.4048281782925,15.970942470555514,2507.928566663806,13.518108997985195,2483.438634609336
15.78422158337024,3025.772129944632,15.504140252592308,2816.027711865214,16.554445243009525,2447.691233787891,13.753631935230274,2422.0163050211067
16.14068873163305,3098.2324844642217,16.554445243009525,2946.871098849785,17.30466309330754,2399.586010109466,14.330061946806069,2375.3844899532287
16.358933924447015,3155.726769394969,16.649927514865638,3004.8371880271006,17.604750233426742,2340.05403241945,15.122211165167869,2331.0568351592956
16.58048586260665,3240.1128989081744,16.90454690648194,3353.7905055958736,18.241298712467483,2290.1854207762735,15.8351454616935,2264.6092417355158
16.522617819057487,3187.326681723319,16.968201754386016,3058.9520378893994,18.655055223843974,2234.885574201662,16.045206459776935,2198.841924202139
17.41378568971453,3299.2430378862227,17.54109538552268,3640.3904247310284,18.78236491965211,2168.229509134051,16.649927514865638,2147.492066668572
18.290808038615097,3594.1755529508173,17.28647599390638,3568.500624184033,19.45074082264489,2117.3734002306137,16.522617819057487,2092.52138584738
18.30495356037156,3534.9257173351616,17.28647599390638,3526.0382419928137,19.778108611865846,2058.758384282268,16.77723721067379,2047.7548433822176
18.395889057377374,3484.1401439503143,17.159166298098228,3475.675881719507,20.37373611725397,2015.1674337936074,17.159166298098228,1996.4049858486505
18.177643864563407,3437.7559869254883,17.159166298098228,3428.276013226983,21.23307656395896,1973.8022707804557,17.031856602290077,1939.130144753517
18.262516995102175,3404.576078980721,17.210090176421488,3151.7767803539255,22.421300391501674,1942.4218022877212,16.940921105284275,1888.9088555173912
18.65859160428309,3663.5198050046956,16.90454690648194,3104.376911861402,23.01541230527303,1901.1115002334718,17.377411490912195,1847.1518285120728
18.905127840609964,3727.346612048861,17.79571477713897,3773.5050554142,24.203636132815745,1883.1719666720655,17.28647599390638,1792.9805502349009
18.30495356037156,3305.8263529546284,17.668405081330818,3706.3552417164574,24.797748046587103,1839.8866700972958,17.28647599390638,1745.5806817423781
19.14519755270534,3835.9148822626903,18.05033416875527,3927.9496269190076,26.17269276131509,1822.2104691386248,17.28647599390638,1698.1808132498536
18.99242591773556,3779.0350400716607,17.92302447294712,3858.0348208925343,27.725871050174504,1819.9721420153674,17.632030882528483,1649.6523764598878
18.43226325617971,3357.1762104881964,17.92302447294712,3823.2749173313505,29.253587399872274,1808.7805063990763,17.54109538552268,1598.11442421008
19.673532790309153,3890.424731029093,18.38133937785645,4226.1737995178055,30.717648901665967,1813.71799270038,17.450159888516865,1546.3883772440313
19.883593788392588,3963.894527192505,18.30495356037156,4162.973974861106,32.26658353399843,1825.0193502344791,17.79571477713897,1501.1751098278
20.654396128467383,4060.9924396196157,18.30495356037156,4116.890769382263,33.836736448965596,1842.3554132479476,18.064479690511718,1446.259289965512
20.34190869330193,4008.9244022604025,18.177643864563407,4069.7542334924756,35.30989150045987,1851.1018175531153,18.05033416875527,1386.1316790074034
21.23307656395896,4131.867811162887,18.05033416875527,4018.7993748630124,36.892169148361134,1875.9303200968188,18.05033416875527,1338.7318105148788
21.669566949586894,4182.159635917605,18.177643864563407,3989.1744570551846,38.35623065015484,1879.8803091378632,18.33967438650106,1266.9138279504496
22.182112478165152,4257.05553202051,18.617440995537024,4379.505192292864,39.933456326000226,1890.8525009185396,18.55957295198786,1204.9259317495253
22.704210826630884,4332.823503625984,18.43226325617971,4311.493562804348,41.34800850164632,1908.517729685429,18.796005244202988,1145.1823475037381
22.945970653014044,4453.83680424705,18.743464734821856,4658.039268005246,43.00303454715224,1934.5218242056344,18.839654282765792,1101.732468052258
22.81171679197999,4390.493343625221,18.68688264779601,4591.152786910241,44.65806059265816,1947.0301228356057,19.100639159172488,1055.3200968199944
23.977307784712366,4518.472988555037,18.68688264779601,4543.7529184177165,45.96753174954196,1956.0586692151337,19.06881173522045,999.032752985122
24.401673437406203,4641.361536498618,18.68688264779601,4496.353049925193,47.64983844414962,1967.7675653010847,19.06881173522045,951.6328844925993
24.288509263354513,4580.092817595318,18.68688264779601,4448.953181432668,49.022964448937515,1984.272876651159,19.365867692106136,890.1886105208087
24.9392032641517,4705.439136497771,19.06881173522045,4812.3521732086865,50.550680798635284,2004.0228218563789,20.129725866955013,830.938774905153
25.53614428227435,4774.037279510563,18.9415020394123,4742.832366086318,52.16933264533887,2016.8132625607086,20.432844190307733,773.3190934969116
26.223616639638365,4847.90207457808,18.9415020394123,4708.072462525133,53.824358690844804,2018.1299255743907,20.95016612882975,722.5335201120652
26.83470317951746,4911.496898138883,19.252703518054446,4929.271848823579,55.133829847728606,2027.7227561026411,21.96864369529493,674.6947639483133
27.31848002358842,4966.796744713494,18.9415020394123,4876.6053282763305,56.823209303214526,2039.1965337932907,22.76079291365673,627.2400344968864
27.780432348377985,5030.278711444554,19.487115021447224,5017.30017602398,58.280198044129975,2060.263142012189,23.460996240601546,580.3339146344933
28.532165790292765,5089.904736492689,19.83266991006934,5252.380952380951,59.82610149322889,2070.04406725668,24.500692089701417,526.3507310735622
29.380897095680425,5150.032347450798,19.70536021426119,5185.231138683209,61.353817842926674,2077.944045338767,26.001403352409596,507.797752244418
29.890135878913014,5207.746076217159,19.57805051845304,5140.596262519416,62.95428259022913,2090.3582966106187,27.41338361500904,504.56594302901976
30.883151506216564,5264.2309195040825,19.57805051845304,5093.1963940268915,64.26375374711293,2094.167214614481,28.802216660188847,481.2250986955805
31.60881677232301,5321.802009777294,19.1961214310286,5063.571476219064,65.91877979261884,2106.346347491033,30.170217209690946,461.0442455949742
32.563639490884114,5380.064348132689,20.158016910467936,5370.792846078017,68.97421249201437,2124.779629682571,31.392390289449153,448.0092817595305
33.62455362261869,5435.309333748396,20.11275124084726,5314.790779229442,70.50192884171216,2137.9462598193822,32.716411125853895,445.24428943080056
34.81277745016139,5490.170292651781,20.21459899749378,5431.710454844335,72.12058068841577,2146.7867114826695,33.9385842056121,433.3943223076694
35.91612814716534,5541.081262514122,20.654396128467383,5523.924744457063,73.46642604410187,2154.686689564758,35.364452798663365,434.51348586929817
37.2046565835266,5588.201838852228,20.46921838911007,5467.7870214192,75.0426413255361,2162.085081736872,36.892169148361134,422.66351874616703
38.61663684612604,5633.088077954998,21.035039259368503,5595.9422214175065,76.61279424050326,2176.787818722978,38.41988549805892,410.4843858696149
40.00546989130585,5684.078845575743,20.936020607073274,5662.653147444022,78.14051059020102,2182.7128022845427,39.94760184775669,410.4843858696149
41.475318197454456,5723.219646073358,21.36038625976711,5735.069613196489,79.6682269398988,2192.5877748871535,41.475318197454456,412.45938039013527
43.00303454715224,5759.757044703011,21.678660499287474,5809.625656346188,81.1413819913931,2200.393705611121,43.00303454715224,418.38436395170356
44.53075089685001,5791.686122784781,22.182112478165152,5966.682606966778,82.72365963929434,2215.629377626574,44.53075089685001,417.3968666914425
46.05846724654778,5822.62770360629,21.99693473880785,5900.179155112114,84.37868568480027,2215.629377626574,46.05846724654778,410.8135516230359
47.628620161514945,5849.619295386756,21.8696250429997,5865.41925155093,85.7790923386899,2230.771002283909,47.58618359624556,418.38436395170356
49.08207252199129,5874.306726893278,22.37886382623229,6033.952117302127,87.36136998659114,2234.815038683071,49.11389994594333,419.3718612119628
50.57796144773704,5893.069174838236,22.633483217848593,6086.618637849376,88.83452503808545,2243.2793009138804,50.641616295641114,411.14271737645504
52.04202294953072,5901.956650180584,22.9899503661114,6198.008328806807,90.36224138778323,2244.5959639275625,52.16933264533887,408.50939134909277
53.67886189563549,5918.461961530659,22.88810260946488,6137.310163876103,91.88995773748098,2252.4959420096493,53.69704899503665,410.4843858696149
55.224765344734436,5934.544059769194,23.233657498086984,6255.903882465534,93.41767408717877,2257.762594064374,55.224765344734436,415.09270641749936
56.77066879383335,5948.933305561568,23.581233175531466,6356.534555654027,94.94539043687652,2263.6875776259385,56.75248169443219,429.5759995679946
58.334759342333456,5963.040409279581,23.39734139269747,6299.918046065734,96.56404228358014,2265.286382713981,58.280198044129975,434.1843201158772
59.93522408963588,5969.106463878326,23.961141474133555,6427.446263676573,98.00082313627209,2274.8792132422295,59.80791439382773,434.51348586929817
61.33563074352551,5982.60225976856,24.03388987173821,6480.827544145534,99.52853948596984,2277.512539269592,61.33563074352551,441.09680093770294
62.8633470932233,5996.427221412212,24.470380257366145,6582.624404574718,101.05625583566763,2282.1208598174762,62.8633470932233,452.28843655399396
64.39106344292105,6012.227177576387,24.161199567546362,6532.967399487311,102.58397218536541,2288.704174885883,64.39106344292105,458.87175162240055
65.97334109082232,6018.904540002913,24.797748046587103,6673.850341951203,104.23899823087132,2287.7166776256217,65.91877979261884,467.4300612113275
67.44649614231662,6027.368802233721,24.288509263354513,6627.767136472359,105.54846938775512,2294.6291584474475,67.44649614231662,475.3300392934143
68.9105576441103,6017.493829631111,24.925057742395254,6739.025161128423,107.16712123445873,2300.554142009014,68.97421249201437,483.23001737550294
70.50192884171216,6018.152161137952,25.17967713401154,6818.551607154768,108.69483758415649,2306.4791255705786,70.50192884171216,495.0799844986341
72.02964519140994,6018.481326891372,24.5431286549708,6769.966741949932,110.22255393385427,2312.404109132145,72.02964519140994,505.94245436150413
73.5573615411077,6030.002128261083,25.56160622143598,6890.441407701764,111.75027028355206,2316.3540981731876,73.5573615411077,507.2591173751862
75.08507789080548,6031.977122781605,25.56160622143598,6946.926250988688,113.27798663324981,2324.9124077621163,75.08507789080548,515.8174269641131
76.63098133990442,6035.833064464528,25.816225613052282,7003.806093179717,114.8057029829476,2336.1040433784074,76.61279424050326,525.3632338133029
78.14051059020102,6042.1812611376345,26.155718135207337,7086.843640575879,116.33341933264538,2337.0915406386684,78.14051059020102,530.9590516214448
79.6682269398988,6051.068736479982,25.56160622143598,7038.565996740901,117.86113568234313,2345.9790159810163,79.6682269398988,547.088173539043
81.19594328959658,6051.068736479982,26.68920638430815,7159.322804567093,119.38885203204092,2353.878994063103,81.19594328959658,557.6214776484921
82.70547253989318,6051.068736479982,27.057495147181726,7219.2779953686495,120.9165683817387,2358.4873146109876,82.72365963929434,570.7881077853053
84.35322374563864,6053.438729904608,27.471251658558202,7276.882002217203,122.44428473143645,2361.77897214519,84.25137598899212,580.3339146344952
85.68815684168408,6057.840146264629,27.85318074598264,7328.890191257611,123.91413303758506,2357.110803278503,85.7790923386899,591.1963844973634
87.2643721231183,6056.774276205934,28.489729225023382,7405.124979749755,125.49971743083202,2370.3372817341187,87.30680868838766,594.1588762781466
88.83452503808545,6066.868692644158,29.053529306459467,7473.064791255705,127.02743378052978,2374.945602282003,88.83452503808545,594.1588762781466
90.36224138778323,6066.868692644158,29.253587399872274,7523.097985775592,128.55515013022756,2382.18724885725,90.36224138778323,594.1588762781466
91.88995773748098,6066.868692644158,29.81738748130836,7575.764506322841,130.08286647992531,2389.4288954324966,91.88995773748098,594.1588762781466
93.41767408717877,6068.843687164679,30.144755270529302,7624.744370431783,131.70151832662893,2402.9717150017896,93.41767408717877,594.1588762781466
94.94539043687652,6074.768670726245,31.106650749968637,7682.41421043102,133.12415365756442,2412.251054336304,94.94539043687652,594.1588762781466
96.4731067865743,6074.110339219404,32.02257328369949,7736.726559745372,134.640553589857,2427.348790226515,96.4731067865743,593.1713790178856
98.00082313627209,6066.868692644158,32.62729433878819,7803.876373443113,136.19373187871642,2445.387073513948,98.00082313627209,589.2213899768412
99.52853948596984,6064.893698123636,33.89460449251476,7849.750109806144,137.7214482284142,2457.237040637079,99.52853948596984,593.8297105247257
101.05625583566763,6058.310383055229,35.237143102855214,7886.058089880384,139.18550973020788,2465.466184472587,101.05625583566763,590.5380529905233
102.58397218536541,6054.360394014186,36.892169148361134,7908.880248784191,140.72231962960626,2483.1000641201044,102.58397218536541,586.258898196058
104.11168853506317,6051.068736479982,38.41988549805892,7894.396955633698,142.17728758169937,2486.861958444906,104.11168853506317,586.258898196058
105.57575003685687,6041.193763877373,39.94760184775669,7874.647010428479,143.88687492540876,2502.2857251766,105.63940488476095,586.258898196058
107.16712123445873,6040.535432370532,41.291426414620474,7837.341558374177,145.36002997690306,2515.8285447458948,107.16712123445873,586.258898196058
108.69483758415649,6031.977122781605,42.62110545972779,7805.851367963635,146.88774632660085,2527.020180362186,108.69483758415649,585.6005666892179
110.22255393385427,6027.368802233721,43.31221523697202,7769.313969333982,148.47002397450208,2535.0142058023903,110.22255393385427,584.9422351823778
111.65933478654622,6017.775971705472,44.58861894039917,7734.482247790233,149.9431790259964,2546.111794060562,111.75027028355206,592.5130475110454
113.27798663324981,6011.5688460695455,45.846284420200874,7707.430807690964,151.47089537569417,2555.3284351563307,113.27798663324981,599.0963625794502
114.8057029829476,6004.98553100114,46.367647936367575,7667.742822564287,153.08954722239775,2557.585571751213,114.8057029829476,610.6171639491604
116.33341933264538,6003.668867987459,47.543747030976164,7623.164374815366,154.39901837928156,2560.7596700877657,116.33341933264538,623.4546283325526
117.86113568234313,6003.668867987459,48.60466116271074,7575.764506322841,156.0540444247875,2576.3950433752307,117.86113568234313,631.6837721680604
119.38885203204092,6003.010536480618,49.62313872917592,7529.845883720709,157.58176077448525,2588.245010498362,119.38885203204092,634.3170981954227
120.9165683817387,5996.427221412212,50.641616295641114,7486.396004269228,159.10947712418303,2593.5116625530864,120.9165683817387,643.8629050446125
122.44428473143645,5995.768889905371,51.64190676270513,7434.6934691427105,160.6371934738808,2590.878336525724,122.44428473143645,651.1045516198592
123.97200108113424,5995.768889905371,52.42395203695517,7384.1900378322225,162.16490982357857,2595.4866570736067,123.97200108113424,665.9170105237718
125.49971743083202,6000.377210453255,52.66038432917031,7339.893732157661,163.69262617327635,2605.3616296762175,125.49971743083202,684.0211269618903
127.02743378052978,6004.3271994943,53.90923182138357,7296.193059751195,165.2203425229741,2605.6907954296366,127.02743378052978,702.7835749068472
128.55515013022756,6009.593851549024,54.970145953118134,7258.777885779086,166.7480588726719,2614.5782707719864,128.55515013022756,721.5460228518041
130.08286647992531,6015.51883511059,55.988623519583314,7210.884268656431,168.27577522236967,2621.161585840391,130.08286647992531,743.9292940843843
131.6105828296231,6018.810492644792,57.04953765131788,7166.721196739207,169.80349157206743,2626.4282378951175,131.6105828296231,765.6542338101244
133.01098948351273,6018.152161137952,58.280198044129975,7126.255753452071,171.2293601651187,2627.2182357033253,133.13829917932088,779.1500297003586
134.66601552901864,6028.685465247401,59.553295002211456,7081.2258783841735,172.858924271463,2638.2782050182486,134.66601552901864,796.2666488782143
136.17554477931526,6036.96163276197,60.88426000384209,7024.920580053659,174.38664062116075,2639.594868031929,136.19373187871642,807.1291187410843
137.7214482284142,6043.1687583978955,62.26317281298486,6987.216139207334,175.91435697085853,2648.8115091276977,137.7214482284142,814.370765316331
139.12185488230384,6044.156255658157,62.99065678903145,6950.184991947549,177.44207332055632,2658.0281502234666,139.24916457811196,815.3582625765921
140.77688092780974,6051.068736479982,64.06005823381989,6931.126294824513,178.9697896702541,2663.294802278191,140.77688092780974,815.0290968231711
142.30459727750753,6053.0437310005045,64.7729925303455,6888.4664131812415,180.49750601995186,2669.8781173465977,142.30459727750753,809.4332790150256
143.83231362720528,6055.018725521027,65.93696689202,6857.430785001613,182.0252223696496,2669.8781173465977,143.83231362720528,807.4582844945053
145.36002997690306,6055.018725521027,66.68263796746771,6817.366610442456,183.55293871934742,2673.82810638764,145.36002997690306,807.4582844945053
146.88774632660085,6055.018725521027,67.41466871836457,6768.48549605954,185.20796476485333,2673.82810638764,146.88774632660085,807.4582844945053
148.4154626762986,6055.018725521027,68.08304462135735,6723.225204964248,186.5174359217371,2682.8566527671683,148.4154626762986,807.4582844945053
149.9431790259964,6051.727067986823,68.78324794830218,6671.71076455397,188.13608776844075,2693.57805159286,149.9431790259964,806.1416214808232
151.47089537569417,6051.068736479982,69.28339318183416,6611.967180308185,189.6638041181385,2693.57805159286,151.47089537569417,800.5458036726777
152.99861172539192,6051.068736479982,69.73807066686328,6555.186087843182,191.19152046783626,2696.8697091270624,152.99861172539192,799.5583064124166
154.39901837928156,6039.218769356852,70.19274815189237,6497.417498117918,192.71923681753407,2701.478029674947,154.5263280750897,800.5458036726777
156.0540444247875,6037.902106343171,70.75654823332846,6444.092646063828,194.24695316723182,2701.478029674947,156.0540444247875,808.1166160013454
157.58176077448525,6030.002128261083,71.01116762494476,6399.984435105507,195.90197921273773,2698.5155378941636,157.58176077448525,814.699931069752
159.10947712418303,6027.368802233721,71.96599034350587,6358.180384421128,197.3023858666274,2709.3780077570336,159.10947712418303,817.3332570971161
160.50988377807266,6015.51883511059,73.17543245368327,6330.201295380402,198.83010221632514,2717.2779858391204,160.6371934738808,825.8915666860412
162.16490982357857,6019.468824151633,74.19391002014845,6291.140292641193,200.3578185660229,2730.4446159759336,162.16490982357857,839.7165283296945
163.69262617327635,6019.468824151633,75.50338117703225,6271.1395544809875,201.8855349157207,2733.077942003296,163.69262617327635,845.6415118912591
165.2203425229741,6019.468824151633,77.09020559978381,6234.743226888513,203.41325126541847,2732.090444743035,165.2203425229741,855.8456502472891
166.7480588726719,6019.468824151633,78.24235834684754,6200.773321135538,204.98340418038566,2745.8056844688817,166.7480588726719,869.9997776443633
168.27577522236967,6019.468824151633,79.45604411355188,6170.226739218134,206.45049686541284,2758.47072869572,168.27577522236967,879.2164187401304
169.80349157206743,6018.810492644792,79.97740762971858,6132.889938044459,207.9964003145118,2767.969511865849,169.80349157206743,892.0538831235226
171.45851761757336,6016.506332370851,81.1413819913931,6109.190003798197,209.52411666420954,2768.6278433726893,171.3312079217652,900.2830269590304
172.76798877445717,6017.775971705472,82.72365963929434,6099.126936479348,211.05183301390736,2773.236163920572,172.858924271463,901.2705242192915
174.38664062116075,6017.493829631111,84.12406629318397,6084.24864442475,212.5795493636051,2780.4778104958204,174.38664062116075,907.8538392876981
175.91435697085853,6015.51883511059,85.7790923386899,6032.6354542884455,214.10726571330287,2783.7694680300247,175.91435697085853,910.1579995616394
177.44207332055632,6015.51883511059,87.17949899257951,6011.075097439416,215.63498206300068,2796.277766659994,177.44207332055632,910.1579995616394
178.9697896702541,6015.51883511059,88.83452503808545,5986.552248809603,217.16269841269843,2804.1777447420827,178.9697896702541,909.4996680547993
180.49750601995186,6015.51883511059,90.08943489676577,5959.654704387258,218.79226251904277,2799.4377578928306,180.49750601995186,903.2455187398136
182.0252223696496,6014.202172096909,91.54440284885885,5937.083338438437,220.21813111209394,2812.0777228241695,182.0252223696496,900.2830269590304
183.55293871934742,6012.227177576387,93.10849339735898,5911.690551746014,221.8731571575999,2805.165242002344,183.55293871934742,902.2580214795526
185.08065506904518,6015.51883511059,94.69077104526025,5893.727506345077,223.18262831448368,2802.484892295921,185.08065506904518,901.5996899727106
186.60837141874293,6015.51883511059,96.15483254705393,5858.013022098973,224.80128016118726,2802.8610817284007,186.60837141874293,900.2830269590304
188.13608776844075,6015.51883511059,97.10965526561506,5813.191618674909,226.32899651088508,2799.5694241941983,188.13608776844075,900.2830269590304
189.6638041181385,6015.51883511059,98.29787909315775,5776.544498127448,227.85671286058283,2792.3277776189516,189.6638041181385,900.2830269590304
191.19152046783626,6016.835498124271,98.76468131112097,5738.361270730691,229.3844292102806,2789.0361200847474,191.19152046783626,897.320535178249
192.8101723145399,6017.775971705472,99.78315887758615,5698.038465936705,230.9121455599784,2793.6444406326336,192.71923681753407,894.3580433974657
194.156017670226,6023.418813192677,100.80163644405133,5646.194859773006,232.43986190967615,2800.2277557010384,194.24695316723182,894.3580433974657
195.77466951692958,6031.318791274764,101.8201140105165,5603.238728951656,233.9675782593739,2800.2277557010384,195.77466951692958,894.3580433974657
197.3023858666274,6036.585443329489,102.88102814225107,5553.8090049797065,235.49529460907172,2802.8610817284007,197.3023858666274,897.320535178249
198.83010221632514,6041.852095384214,104.11168853506317,5507.155245528269,237.1139464557753,2802.484892295921,198.83010221632514,900.6121927124514
200.48512826183105,6040.206266617112,105.38478549314465,5456.990384707014,238.4488795518207,2801.017753509246,200.3578185660229,902.2580214795526
201.79459941871488,6047.118747438939,106.65788245122613,5412.750507447326,240.07844365816504,2812.0777228241695,201.8855349157207,902.2580214795526
203.41325126541847,6054.360394014186,107.98884745285679,5371.311531507649,241.6061600078628,2812.0777228241695,203.41325126541847,902.2580214795526
204.94096761511622,6051.068736479982,109.33138606319724,5334.145725530556,243.13387635756055,2812.0777228241695,204.94096761511622,901.9288557261316
206.46868396481403,6051.068736479982,110.19709199469264,5306.100803339146,244.66159270725836,2812.0777228241695,206.46868396481403,899.2955296987693
207.9964003145118,6051.068736479982,111.3683411961276,5288.7208515585535,246.18930905695612,2812.0777228241695,207.9964003145118,894.3580433974657
209.3968069684014,6039.218769356852,112.38681876259278,5250.537624161798,247.71702540665387,2812.0777228241695,209.52411666420954,894.3580433974657
211.05183301390736,6043.1687583978955,113.65991572067426,5226.398802244309,249.2447417563517,2812.0777228241695,211.05183301390736,894.3580433974657
212.5795493636051,6043.1687583978955,114.61473843923537,5190.464874162592,250.77245810604944,2812.0777228241695,212.5795493636051,890.0788886030005
214.10726571330287,6043.1687583978955,115.95149024522092,5172.196174847765,252.3001744557472,2812.0777228241695,214.10726571330287,884.4830707948568
215.63498206300068,6040.535432370532,116.86812005503958,5148.891239505607,253.827890805445,2812.0777228241695,215.63498206300068,876.9122584661891
217.16269841269843,6033.952117302127,118.37037446557574,5130.721289916806,255.35560715514276,2812.0777228241695,217.16269841269843,876.5830927127681
218.6904147623962,6028.027133740562,119.89809081527349,5112.94633923211,256.8833235048405,2812.7360543310097,218.6904147623962,876.5830927127681
220.30906660909977,6023.418813192677,121.42580716497127,5107.021355670545,258.41103985453833,2819.3193693994162,220.21813111209394,872.9622694251466
221.6185377659836,6016.506332370851,122.95352351466906,5105.704692656864,259.9387562042361,2819.9777009062564,221.74584746179175,864.4039598362178
223.2735638114895,6017.493829631111,124.48123986436681,5110.313013204747,261.46647255393384,2819.9777009062564,223.2735638114895,848.6040036720424
224.80128016118726,6011.5688460695455,126.0089562140646,5123.47964334156,262.99418890363165,2819.9777009062564,224.67397046537917,845.4769290145505
226.45630620669323,5990.337654973936,127.53667256376238,5138.621267998894,264.5219052533294,2819.9777009062564,225.43782864022802,818.814502987505
227.765777363577,5966.990398320625,129.06438891346014,5159.687876217793,266.04962160302716,2819.9777009062564,226.71092559830953,819.9665831244765
228.20226774920496,5929.74764450507,130.5011697661521,5174.735453517007,267.577337952725,2817.344374878896,227.72940316477468,794.949985864534
229.51173890608874,5906.674692646275,132.06526031465222,5195.0496828709465,269.10505430242273,2812.0777228241695,229.12980981866434,797.5833118918963
230.53021647255395,5878.585881687742,133.64753796255346,5218.279380326609,270.6327706521205,2812.0777228241695,230.6575261683621,790.6708310700687
231.87606182824004,5864.290683253489,135.17525431225124,5228.812684436058,272.1604870018183,2812.0777228241695,232.18524251805985,790.0124995632286
233.45833947614136,5844.68180908545,136.70297066194902,5226.8376899155355,273.68820335151605,2812.0777228241695,233.71295886775766,790.6708310700687
234.92240097793507,5830.856847441798,138.23068701164678,5207.087744710318,275.2159197012138,2817.344374878896,235.1388274608089,786.9183414810777
236.38646247972872,5818.019383058406,139.66292108948846,5181.083650190113,276.7436360509116,2823.9276899473007,236.36100054056715,773.0933798374263
238.04148852523468,5808.144410455797,140.75869382840858,5156.678360757951,278.2713524006094,2827.877678988345,237.78686913361838,782.441687234561
239.56920487493244,5796.952774839507,142.30459727750753,5133.354615944169,279.79906875030713,2827.877678988345,239.31458548331614,790.0124995632286
241.0969212246302,5786.419470730057,143.45038453978086,5098.133880328196,281.32678510000494,2827.877678988345,240.8423018330139,795.6083173713741
242.624637574328,5783.127813195853,144.85079119367046,5078.054769369558,282.91815629760674,2825.902684467823,242.3700181827117,790.0124995632286
244.08869907612166,5772.594509086403,145.94565457762053,5050.141513479515,284.38221779940045,2838.410983097794,243.89773453240946,792.3166598371699
245.68007027372352,5771.277846072723,147.39698510983342,5033.288226904396,285.90993414909826,2847.627624193563,245.4254508821072,797.5833118918963
247.20778662342133,5764.0361994974755,148.87014016132773,4998.678799116204,287.437650498796,2847.627624193563,246.95316723180503,795.2791516179532
248.73550297311908,5758.769547442751,149.48850154096726,4964.2574660442515,288.9653668484938,2850.260950220925,248.35357388569463,787.4888954536727
250.26321932281684,5754.819558401708,150.96165659246157,4942.438478960391,290.4930831981915,2851.5776132346055,249.37205145215984,771.2500516182718
251.79093567251465,5749.552906346982,152.3620632463512,4908.644128275907,292.02079954788934,2847.627624193563,250.77245810604944,775.8583721661544
253.3186520222124,5741.652928264895,153.27869305616986,4883.451975947473,293.5485158975871,2849.602618714085,252.3001744557472,775.8583721661544
254.84636837191016,5739.019602237532,154.79913456610717,4860.993466828396,295.07623224728485,2851.5776132346055,253.827890805445,775.8583721661544
256.37408472160797,5737.044607717011,155.87581085065605,4840.002096495992,296.60394859698266,2851.5776132346055,255.35560715514276,786.0625105221861
257.8108655742999,5725.47678266824,157.23620588586314,4818.107871525636,298.1316649466804,2851.5776132346055,256.8833235048405,792.6458255905909
259.4295174210035,5719.927988539155,158.85485773256673,4804.188862523863,299.65938129637817,2859.477591316694,258.41103985453833,800.2166379192568
260.9572337707013,5715.977999498111,160.3825740822645,4794.313889921254,301.187097646076,2859.477591316694,259.9387562042361,808.7749475081873
262.48495012039905,5712.0280104570675,161.91029043196227,4791.02223238705,302.71481399577374,2863.4275803577366,261.46647255393384,818.3207543573753
264.07053451364595,5698.801532001451,163.4198196822589,4779.73654941264,304.2425303454715,2863.4275803577366,262.99418890363165,818.3207543573753
265.5403828197946,5696.228054292893,164.96572313135783,4769.955624168151,305.7702466951693,2863.4275803577366,264.5219052533294,813.7124338094909
267.06809916949237,5681.0864296355585,166.4934394810556,4763.372309099745,307.29796304486706,2862.1109173440564,266.04962160302716,820.9540803847358
268.68675101619596,5656.069832375615,168.02115583075337,4763.372309099745,308.8256793945648,2860.794254330376,267.577337952725,828.1957269599843
270.1235318688879,5630.789902512935,169.54887218045116,4763.372309099745,310.3533957442626,2867.377569398781,269.10505430242273,829.1832242202454
271.3329739790653,5612.126204294004,171.0765885301489,4762.0556460860635,311.9720475909662,2873.020410885987,270.6327706521205,829.1832242202454
272.92434517666715,5599.453322787323,172.6043048798467,4751.5223419766135,313.28151874785,2876.265044741129,272.1604870018183,824.24573791894
274.45206152636496,5585.62836114367,174.13202122954448,4735.722385812439,314.93654479335595,2883.1775255629564,273.68820335151605,823.2582406586789
275.85246818025456,5573.613811143829,175.60517628103875,4722.179566243147,316.4642611430537,2885.810851590317,275.2159197012138,823.2582406586789
277.50749422576047,5569.828404979496,177.18745392894002,4709.389125538814,317.99197749275146,2890.419172138203,276.7436360509116,823.2582406586789
279.1625202712664,5562.257592650828,178.7151702786378,4691.614174854118,319.51969384244927,2895.0274926860875,278.2713524006094,822.599909151837
280.56292692515603,5561.270095390567,180.24288662833555,4672.522561155741,321.047410192147,2895.0274926860875,279.79906875030713,810.4207762752849
282.0906432748538,5561.270095390567,181.67158432573808,4644.433750197208,322.5751265418448,2895.0274926860875,281.26891705645573,800.8151211072964
283.6183596245516,5561.270095390567,183.29831932773112,4627.097687183738,324.1028428915426,2897.660818713448,282.65775010163554,782.5015355533651
285.14607597424936,5561.270095390567,184.82603567742888,4609.322736499042,325.63055924124035,2898.97748172713,284.12759840778415,775.8583721661544
286.6737923239471,5561.270095390567,186.40831332533014,4586.751370550221,327.0673400939323,2902.9274707681743,285.65531475748196,774.5417091524741
288.2015086736449,5560.611763883726,187.88146837682444,4572.456172115967,328.6859919406359,2913.4607748776234,287.1830311071797,773.883377645634
289.7292250233427,5554.028448815321,189.4091847265222,4548.756237869706,330.21370829033367,2922.019084466552,288.71074745687747,767.9583940840675
291.25694137304043,5549.420128267436,190.93690107621995,4531.639618691849,331.7414246400314,2922.6774159733923,290.2384638065753,763.0209077827622
292.7846577227382,5550.078459774277,192.46461742591777,4521.1063145824,333.26914098972924,2922.6774159733923,291.76618015627304,758.0834214814586
294.312374072436,5555.345111829001,193.99233377561552,4512.548004993471,334.796857339427,2923.3357474802324,293.2938965059708,762.691742029343
295.84009042213376,5552.053454294799,195.52005012531328,4503.989695404543,336.32457368912475,2930.57739405548,294.8216128556686,770.9208858648508
297.3678067718315,5549.420128267436,197.0477664750111,4495.431385815616,337.79772874061905,2933.398814799083,296.34932920536636,773.883377645634
298.8955231215293,5549.420128267436,198.57548282470884,4490.823065267731,339.50731608432847,2939.464869397828,297.8770455550641,773.883377645634
300.4232394712271,5549.420128267436,200.1031991744066,4494.114722801934,340.90772273821807,2945.0606872059725,299.4047619047619,773.883377645634
301.95095582092483,5542.17848169219,201.6309155241044,4494.114722801934,342.4354390879159,2937.8190406307267,300.9324782544597,773.883377645634
303.47867217062264,5538.228492651146,203.15863187380216,4485.556413213007,343.96315543761364,2954.2773283017414,302.46019460415744,773.883377645634
305.0063885203204,5537.570161144305,204.68634822349992,4458.235655679121,345.4908717873114,2965.4689639180324,303.98791095385525,773.883377645634
306.53410487001815,5537.570161144305,206.21406457319773,4438.814876227322,347.0185881370092,2957.5689858359456,305.515627303553,771.9083831251119
308.06182121971597,5534.278503610102,207.7417809228955,4411.8232844468575,348.6736141825151,2947.3648474799156,307.04334365325076,768.9458913443286
309.5895375694137,5529.670183062218,208.8875681851688,4377.590046091145,349.94671114059656,2940.057367753985,308.57106000294857,773.883377645634
311.1172539191115,5529.670183062218,210.19703934205262,4356.523437872246,,,310.0987763526463,773.883377645634
312.6449702688093,5529.670183062218,211.57521731889642,4323.606862530216,,,311.6264927023441,771.9083831251119
314.17268661850704,5529.670183062218,213.08878814683771,4302.540254311316,,,313.1542090520419,774.212543399055
315.7004029682048,5528.353520048537,214.61650449653547,4275.548662530851,,,314.68192540173965,775.8583721661544
317.2281193179026,5525.720194021174,216.14422084623322,4253.823722805111,,,316.2096417514374,775.8583721661544
318.75583566760037,5525.061862514333,217.33244467377597,4224.857136504124,,,317.73735810113516,775.8583721661544
320.2835520172981,5516.5035529254055,218.56310506658804,4199.017624860629,,,319.26507445083297,775.8583721661544
321.81126836699593,5504.982751555694,219.26330839353284,4174.8239419842375,,,320.7927908005307,776.8458694264154
323.3389847166937,5504.653585802274,220.72736989532655,4159.023985820063,,,322.3205071502285,786.3916762756053
324.86670106639144,5503.336922788593,222.25508624502436,4135.982383080642,,,323.8482234999263,796.5958146316352
326.39441741608925,5505.9702488159555,223.7828025947221,4113.599111848061,,,325.37593984962405,810.0916105218657
327.922133765787,5505.9702488159555,225.25595764621636,4078.895636701748,,,326.9036561993218,824.9040694257801
329.44985011548476,5505.9702488159555,226.20168681507693,4043.596528287342,,,328.4313725490196,829.8415557270855
330.9775664651826,5505.9702488159555,227.2710882598654,4019.1943737671163,,,329.95908889871737,838.7290310694334
332.50528281488033,5505.9702488159555,227.87489995998402,3968.860227701246,,,331.4868052484151,845.6415118912591
334.0329991645781,5505.9702488159555,228.20226774920496,3924.2817799523245,,,333.01452159811294,846.6290091515202
335.5607155142759,5505.9702488159555,229.42686577555003,3892.3997255496142,,,334.5422379478107,843.666517370737
337.08843186397365,5505.9702488159555,230.02097768932134,3853.393583769308,,,336.0120862539593,832.4150334356455
338.6161482136714,5505.9702488159555,231.08189182105593,3831.1748954134373,,,337.4009192991391,817.6923470099355
340.1438645633692,5505.9702488159555,232.03247088309013,3787.725015961957,,,338.81289956173856,807.9969193637371
341.671580913067,5505.9702488159555,233.44015237674017,3765.153650013136,,,340.20173260691837,796.146952240606
343.19929726276473,5505.9702488159555,234.98605582583912,3740.3251474694334,,,341.6137128695178,792.1969631995635
344.72701361246254,5505.9702488159555,236.08091920978916,3720.5752022642146,,,343.00254591469763,778.1924565994996
346.2547299621603,5502.020259774912,237.53224974200208,3707.4085721274023,,,344.47239422084624,775.5292064127352
347.78244631185805,5505.3119173091145,239.05996609169983,3685.683632401662,,,346.000110570544,773.883377645634
349.31016266155586,5503.995254295433,240.09663075756623,3654.5539568639133,,,347.42597916359523,769.9333886045897
350.328640228021,5496.095276213347,241.6061600078628,3638.2837639091385,,,348.6481522433535,752.9484357281017
,,243.15206345696174,3613.3612140073155,,,350.01615279285556,751.9788929634815
,,244.67977980665955,3589.6612797610533,,,11.286941090420768,2693.8452447815926
,,246.18930905695612,3572.450613225077,,,,
,,247.71702540665387,3555.9923255540616,,,,
,,249.33567725335752,3536.054285632603,,,,
,,250.77245810604944,3523.0757502120314,,,,
,,252.3001744557472,3514.5174406231026,,,,
,,253.827890805445,3505.9591310341757,,,,
,,255.35560715514276,3499.375815965769,,,,
,,256.8833235048405,3494.1091639110446,,,,
,,258.41103985453833,3485.550854322116,,,,
,,259.9387562042361,3483.5758598015946,,,,
,,261.46647255393384,3479.6258707605502,,,,
,,262.99418890363165,3465.800909116898,,,,
,,264.5219052533294,3450.0009529527233,,,,
,,266.04962160302716,3427.617681720142,,,,
,,267.393446169891,3394.042774871271,,,,
,,268.8504349108064,3376.9261556934152,,,,
,,270.1489938080495,3336.241268570665,,,,
,,271.52393852277754,3311.751336516194,,,,
,,273.17896456828345,3290.026396790454,,,,
,,274.7066809179812,3278.1764296673227,,,,
,,276.1798359694755,3256.733632015944,,,,
,,277.76211361737677,3232.7515556953213,,,,
,,279.235268668871,3212.719468415742,,,,
,,280.81754631677234,3194.5683282985647,,,,
,,282.3452626664701,3170.8683940523033,,,,
,,283.87297901616785,3151.1184488470844,,,,
,,285.40069536586566,3139.9268132307943,,,,
,,286.9284117155634,3130.7101721350264,,,,
,,288.45612806526117,3120.1768680255764,,,,
,,289.983844414959,3109.6435639161264,,,,
,,291.51156076465674,3095.818602272473,,,,
,,293.0392771143545,3085.285298163024,,,,
,,294.5669934640523,3083.310303642502,,,,
,,296.09470981375006,3080.6769776151395,,,,
,,297.6224261634478,3080.6769776151395,,,,
,,299.1501425131456,3079.3603146014584,,,,
,,300.6778588628434,3072.776999533052,,,,
,,302.20557521254113,3068.8270104920084,,,,
,,303.73329156223895,3056.3187118620363,,,,
,,305.2610079119367,3042.493750218384,,,,
,,306.78872426163446,3026.6937940542093,,,,
,,308.31644061133227,3021.427141999484,,,,
,,309.84415696103,3020.7688104926438,,,,
,,311.3718733107278,3014.185495424238,,,,
,,312.8995896604256,3007.6021803558315,,,,
,,314.42730601012335,3009.5771748763536,,,,
,,315.9550223598211,3013.527163917397,,,,
,,317.4827387095189,3013.527163917397,,,,
,,319.01045505921667,3008.2605118626725,,,,
,,320.5381714089144,3000.360533780584,,,,
,,322.06588775861223,2997.7272077532225,,,,
,,323.59360410831,3001.677196794266,,,,
,,325.12132045800774,3012.868832410556,,,,
,,326.64903680770556,3022.085473506325,,,,
,,328.1767531574033,3031.3021146020938,,,,
,,329.70446950710107,3041.1770872047027,,,,
,,331.2321858567989,3051.7103913141527,,,,
,,332.75990220649663,3062.243695423602,,,,
,,334.2876185561944,3058.2937063825584,,,,
,,335.8153349058922,3043.810413232065,,,,
,,337.34305125558996,3029.9854515884126,,,,
,,338.8707676052877,3013.527163917397,,,,
,,340.044845911074,2978.416150219232,,,,
,,341.5159801737459,2964.371744739965,,,,
,,342.90224130587904,2951.2051146031517,,,,
,,344.47239422084624,2940.123200904668,,,,
,,345.8982628138975,2927.4174028226444,,,,
,,347.5532888594034,2917.1474313159306,,,,
,,348.9282335741314,2904.683021453082,,,,
,,350.0740208364047,2900.952476247652,,,,
,,10.46833450729224,2816.393451591235,,,,
,,17.099047830633282,3223.2788967913357,,,,
,,16.951698645670135,3282.711602270003,,,,
,,84.7323237287118,6066.90526661676,,,,
