HGT1-5,,HGT1-4,,HGT2-3,,HGT2-4,
day,h,day,h,day,h,day,h
0,3.00000000000001,0,3,0,3,0,3.00000000000001
1,3.3035740527808,1,3.10323570203354,1,2.90036137784471,1,2.70415687393701
2,3.60702238922166,2,3.20652865828229,2,2.80070039362646,2,2.40809210689895
3,3.91068490264407,3,3.30990882857781,3,2.70095766242135,3,2.1117800806742
4,4.21469824884774,4,3.41342343933781,4,2.60108868555079,4,1.81510577181642
5,4.51871159505142,5,3.51693805009782,5,2.50121970868023,5,1.51843146295865
6,4.82266445252597,6,3.62058387239952,6,2.40122813371412,6,1.22167792198105
7,5.12655371928531,7,3.72436763503992,7,2.30110767357066,7,0.924841085698002
8,5.43044298604464,8,3.82815139768032,8,2.20098721342719,8,0.628004249414951
9,5.73433225280397,9,3.93193516032073,9,2.10086675328372,9,0.3311674131319
10,6.0382215195633,10,4.03571892296113,10,2.00074629314025,10,0.034330576848849
11,6.34211078632264,11,4.13950268560153,11,1.90062583299678,11,-0.262506259434203
12,6.64562555806023,12,4.24338823080254,12,1.8004098308111,12,-0.559185926659026
13,6.94909285859789,13,4.34728667801828,13,1.70018171766231,13,-0.855845671045482
14,7.25253293862709,14,4.45118977777053,14,1.5999492240946,14,-1.15249146777297
15,7.5556891476396,15,4.55514139683216,15,1.49967104901519,15,-1.44899181034271
16,7.85872033867687,16,4.65911063847951,16,1.39937625741756,16,-1.74542462332524
17,8.14417217391457,17,4.75723924289401,17,1.30471977631246,17,-2.02485197291036
18,8.16028132301769,18,4.76391621743472,18,1.29832817124628,18,-2.04191822552948
19,8.15856936621918,19,4.76471013949052,19,1.29758320066976,19,-2.04152736420899
20,8.15596935530555,20,4.76545604271047,20,1.29688293090907,20,-2.04047000147321
21,8.15150556436749,21,4.76611729138854,21,1.29626160366121,21,-2.03807883399447
22,8.14704177342943,22,4.76677854006661,22,1.29564027641336,22,-2.03568766651573
23,8.14017504060143,23,4.76738287413766,23,1.29507150028425,23,-2.03163725769378
24,8.13005726874588,24,4.76791020609335,24,1.29457382272755,24,-2.02534199293692
25,8.11993949689033,25,4.76843753804903,25,1.29407614517085,25,-2.01904672818005
26,8.10982172503478,26,4.76896487000472,26,1.29357846761415,26,-2.01275146342318
27,8.09970395317924,27,4.7694922019604,27,1.29308079005745,27,-2.00645619866631
28,8.08958618132369,28,4.77001953391609,28,1.29258311250075,28,-2.00016093390945
29,8.07167143645113,29,4.77043046231379,29,1.29219439557823,29,-1.98869145581119
30,8.05210278821133,30,4.77081669904768,30,1.2918287915175,30,-1.97612441730718
31,8.03253413997153,31,4.77120293578157,31,1.29146318745677,31,-1.96355737880317
32,8.01296549173173,32,4.77158917251545,32,1.29109758339603,32,-1.95099034029916
33,7.99339684349193,33,4.77197540924934,33,1.2907319793353,33,-1.93842330179515
34,7.97382819525213,34,4.77236164598323,34,1.29036637527457,34,-1.92585626329114
35,7.95425954701232,35,4.77274788271712,35,1.29000077121384,35,-1.91328922478713
36,7.93469089877252,36,4.77313411945101,36,1.28963516715311,36,-1.90072218628312
37,7.91512225053272,37,4.7735203561849,37,1.28926956309237,37,-1.88815514777911
38,7.89555360229292,38,4.77390659291879,38,1.28890395903164,38,-1.8755881092751
39,7.87598495405311,39,4.77429282965267,39,1.28853835497091,39,-1.86302107077109
40,7.85185478955419,40,4.77456492989789,40,1.28826840418861,40,-1.84773845040947
41,7.82498771529979,41,4.77476854824989,41,1.28805584537336,41,-1.8308264809333
42,7.79812064104539,42,4.7749721666019,42,1.2878432865581,42,-1.81391451145712
43,7.77125356679099,43,4.77517578495391,43,1.28763072774285,43,-1.79700254198094
44,7.74438649253659,44,4.77537940330591,44,1.2874181689276,44,-1.78009057250476
45,7.71751941828219,45,4.77558302165792,45,1.28720561011235,45,-1.76317860302858
46,7.69065234402779,46,4.77578664000993,46,1.2869930512971,46,-1.74626663355241
47,7.66378526977339,47,4.77599025836194,47,1.28678049248185,47,-1.72935466407623
48,7.63691819551899,48,4.77619387671394,48,1.2865679336666,48,-1.71244269460005
49,7.61005112126459,49,4.77639749506595,49,1.28635537485135,49,-1.69553072512387
50,7.58318404701019,50,4.77660111341796,50,1.2861428160361,50,-1.67861875564769
51,7.55631697275578,51,4.77680473176996,51,1.28593025722085,51,-1.66170678617152
52,7.52944989850139,52,4.77700835012197,52,1.2857176984056,52,-1.64479481669534
53,7.50258282424698,53,4.77721196847398,53,1.28550513959035,53,-1.62788284721916
54,7.47571574999258,54,4.77741558682599,54,1.2852925807751,54,-1.61097087774298
55,7.44884867573818,55,4.77761920517799,55,1.28508002195985,55,-1.5940589082668
56,7.42198160148378,56,4.77782282353,56,1.2848674631446,56,-1.57714693879063
57,7.39511452722938,57,4.77802644188201,57,1.28465490432935,57,-1.56023496931445
58,7.36824745297498,58,4.77823006023401,58,1.2844423455141,58,-1.54332299983827
59,7.34138037872058,59,4.77843367858602,59,1.28422978669885,59,-1.52641103036209
60,7.31451330446618,60,4.77863729693803,60,1.2840172278836,60,-1.50949906088591
61,7.28764623021178,61,4.77884091529004,61,1.28380466906835,61,-1.49258709140973
62,7.26096088396902,62,4.77896300320603,62,1.2836456095955,62,-1.47594298828998
63,7.23490148976638,63,4.77880426406465,63,1.28367082563536,63,-1.46022153595349
64,7.20884209556374,64,4.77864552492326,64,1.28369604167522,64,-1.44450008361699
65,7.1827827013611,65,4.77848678578188,65,1.28372125771508,65,-1.42877863128049
66,7.15672330715845,66,4.7783280466405,66,1.28374647375494,66,-1.41305717894399
67,7.13066391295581,67,4.77816930749911,67,1.2837716897948,67,-1.39733572660749
68,7.10460451875317,68,4.77801056835773,68,1.28379690583466,68,-1.381614274271
69,7.07854512455052,69,4.77785182921635,69,1.28382212187453,69,-1.3658928219345
70,7.05248573034788,70,4.77769309007496,70,1.28384733791439,70,-1.350171369598
71,7.02642633614524,71,4.77753435093358,71,1.28387255395425,71,-1.3344499172615
72,7.00036694194259,72,4.7773756117922,72,1.28389776999411,72,-1.31872846492501
73,6.97430754773995,73,4.77721687265081,73,1.28392298603397,73,-1.30300701258851
74,6.94824815353731,74,4.77705813350943,74,1.28394820207383,74,-1.28728556025201
75,6.92218875933467,75,4.77689939436805,75,1.28397341811369,75,-1.27156410791551
76,6.89612936513202,76,4.77674065522666,76,1.28399863415355,76,-1.25584265557901
77,6.87006997092938,77,4.77658191608528,77,1.28402385019341,77,-1.24012120324252
78,6.84401057672674,78,4.7764231769439,78,1.28404906623327,78,-1.22439975090602
79,6.81795118252409,79,4.77626443780251,79,1.28407428227314,79,-1.20867829856952
80,6.79189178832145,80,4.77610569866113,80,1.284099498313,80,-1.19295684623302
81,6.76583239411881,81,4.77594695951975,81,1.28412471435286,81,-1.17723539389652
82,6.73977299991617,82,4.77578822037836,82,1.28414993039272,82,-1.16151394156003
83,6.71371360571352,83,4.77562948123698,83,1.28417514643258,83,-1.14579248922353
84,6.68765421151088,84,4.7754707420956,84,1.28420036247244,84,-1.13007103688703
85,6.66159481730824,85,4.77531200295421,85,1.2842255785123,85,-1.11434958455053
86,6.63553542310559,86,4.77515326381283,86,1.28425079455216,86,-1.09862813221403
87,6.60947602890295,87,4.77499452467145,87,1.28427601059202,87,-1.08290667987754
88,6.58341663470031,88,4.77483578553006,88,1.28430122663188,88,-1.06718522754104
89,6.55735724049766,89,4.77467704638868,89,1.28432644267174,89,-1.05146377520454
90,6.53129784629502,90,4.7745183072473,90,1.28435165871161,90,-1.03574232286804
91,6.50523845209238,91,4.77435956810592,91,1.28437687475147,91,-1.02002087053155
92,6.47917905788974,92,4.77420082896453,92,1.28440209079133,92,-1.00429941819505
93,6.45311966368709,93,4.77404208982315,93,1.28442730683119,93,-0.98857796585855
94,6.42706026948445,94,4.77388335068177,94,1.28445252287105,94,-0.972856513522052
95,6.40100087528181,95,4.77372461154038,95,1.28447773891091,95,-0.957135061185554
96,6.37494148107916,96,4.773565872399,96,1.28450295495077,96,-0.941413608849056
97,6.34979453311312,97,4.77330483452962,97,1.28458773098514,97,-0.926370557194641
98,6.32779045551759,98,4.77269143437491,98,1.28487765811168,98,-0.913664219000733
99,6.30578637792206,99,4.7720780342202,99,1.28516758523822,99,-0.900957880806827
100,6.28378230032652,100,4.7714646340655,100,1.28545751236476,100,-0.88825154261292
101,6.26177822273099,101,4.77085123391079,101,1.2857474394913,101,-0.875545204419013
102,6.23977414513546,102,4.77023783375609,102,1.28603736661784,102,-0.862838866225106
103,6.21777006753993,103,4.76962443360138,103,1.28632729374438,103,-0.850132528031199
104,6.1957659899444,104,4.76901103344667,104,1.28661722087092,104,-0.837426189837292
105,6.17376191234886,105,4.76839763329197,105,1.28690714799746,105,-0.824719851643385
106,6.15175783475333,106,4.76778423313726,106,1.287197075124,106,-0.812013513449478
107,6.1297537571578,107,4.76717083298255,107,1.28748700225054,107,-0.799307175255571
108,6.10774967956227,108,4.76655743282785,108,1.28777692937708,108,-0.786600837061664
109,6.08574560196674,109,4.76594403267314,109,1.28806685650362,109,-0.773894498867757
110,6.0637415243712,110,4.76533063251843,110,1.28835678363016,110,-0.76118816067385
111,6.04173744677567,111,4.76471723236373,111,1.2886467107567,111,-0.748481822479943
112,6.01973336918014,112,4.76410383220902,112,1.28893663788324,112,-0.735775484286036
113,5.99772929158461,113,4.76349043205431,113,1.28922656500978,113,-0.723069146092129
114,5.97572521398908,114,4.76287703189961,114,1.28951649213632,114,-0.710362807898222
115,5.95372113639354,115,4.7622636317449,115,1.28980641926287,115,-0.697656469704315
116,5.93171705879801,116,4.7616502315902,116,1.29009634638941,116,-0.684950131510408
117,5.90971298120248,117,4.76103683143549,117,1.29038627351595,117,-0.672243793316501
118,5.88770890360695,118,4.76042343128078,118,1.29067620064249,118,-0.659537455122594
119,5.86570482601142,119,4.75981003112608,119,1.29096612776903,119,-0.646831116928687
120,5.84370074841588,120,4.75919663097137,120,1.29125605489557,120,-0.63412477873478
121,5.82169667082035,121,4.75858323081666,121,1.29154598202211,121,-0.621418440540873
122,5.79969259322482,122,4.75796983066196,122,1.29183590914865,122,-0.608712102346966
123,5.77768851562929,123,4.75735643050725,123,1.29212583627519,123,-0.596005764153059
124,5.75568443803376,124,4.75674303035255,124,1.29241576340173,124,-0.583299425959152
125,5.73368036043822,125,4.75612963019784,125,1.29270569052827,125,-0.570593087765245
126,5.71167628284269,126,4.75551623004313,126,1.29299561765481,126,-0.557886749571338
127,5.68967220524716,127,4.75490282988843,127,1.29328554478135,127,-0.545180411377431
128,5.66766812765163,128,4.75428942973372,128,1.29357547190789,128,-0.532474073183524
129,5.64566405005609,129,4.75367602957901,129,1.29386539903443,129,-0.519767734989617
130,5.62365997246056,130,4.75306262942431,130,1.29415532616097,130,-0.50706139679571
131,5.60165589486503,131,4.7524492292696,131,1.29444525328751,131,-0.494355058601803
132,5.58058902103904,132,4.75172804548644,132,1.29479360087322,132,-0.482290992099082
133,5.56275029353036,133,4.75063560698306,133,1.29534317448492,133,-0.47243919475489
134,5.54491156602167,134,4.74954316847968,134,1.29589274809662,134,-0.462587397410699
135,5.52707283851299,135,4.7484507299763,135,1.29644232170833,135,-0.452735600066507
136,5.50923411100431,136,4.74735829147293,136,1.29699189532003,136,-0.442883802722316
137,5.49139538349563,137,4.74626585296955,137,1.29754146893173,137,-0.433032005378124
138,5.47355665598694,138,4.74517341446617,138,1.29809104254344,138,-0.423180208033933
139,5.45571792847826,139,4.74408097596279,139,1.29864061615514,139,-0.413328410689741
140,5.43787920096958,140,4.74298853745941,140,1.29919018976684,140,-0.40347661334555
141,5.42004047346089,141,4.74189609895603,141,1.29973976337855,141,-0.393624816001358
142,5.40220174595221,142,4.74080366045265,142,1.30028933699025,142,-0.383773018657167
143,5.38436301844353,143,4.73971122194927,143,1.30083891060196,143,-0.373921221312975
144,5.36652429093484,144,4.73861878344589,144,1.30138848421366,144,-0.364069423968784
145,5.34868556342616,145,4.73752634494251,145,1.30193805782536,145,-0.354217626624592
146,5.33084683591748,146,4.73643390643913,146,1.30248763143707,146,-0.344365829280401
147,5.3130081084088,147,4.73534146793575,147,1.30303720504877,147,-0.33451403193621
148,5.29516938090011,148,4.73424902943237,148,1.30358677866047,148,-0.324662234592018
149,5.27733065339143,149,4.73315659092899,149,1.30413635227218,149,-0.314810437247827
150,5.25949192588275,150,4.73206415242561,150,1.30468592588388,150,-0.304958639903635
151,5.24165319837406,151,4.73097171392224,151,1.30523549949559,151,-0.295106842559444
152,5.22381447086538,152,4.72987927541886,152,1.30578507310729,152,-0.285255045215252
153,5.2059757433567,153,4.72878683691548,153,1.30633464671899,153,-0.275403247871061
154,5.18813701584801,154,4.7276943984121,154,1.3068842203307,154,-0.265551450526869
155,5.17029828833933,155,4.72660195990872,155,1.3074337939424,155,-0.255699653182678
156,5.15245956083065,156,4.72550952140534,156,1.3079833675541,156,-0.245847855838486
157,5.13462083332197,157,4.72441708290196,157,1.30853294116581,157,-0.235996058494295
158,5.11678210581328,158,4.72332464439858,158,1.30908251477751,158,-0.226144261150103
159,5.0989433783046,159,4.7222322058952,159,1.30963208838921,159,-0.216292463805912
160,5.08110465079592,160,4.72113976739182,160,1.31018166200092,160,-0.20644066646172
161,5.06326592328723,161,4.72004732888844,161,1.31073123561262,161,-0.196588869117529
162,5.04542719577855,162,4.71895489038506,162,1.31128080922432,162,-0.186737071773337
163,5.02758846826987,163,4.71786245188168,163,1.31183038283603,163,-0.176885274429146
164,5.00974974076118,164,4.7167700133783,164,1.31237995644773,164,-0.167033477084955
165,4.9919110132525,165,4.71567757487492,165,1.31292953005944,165,-0.157181679740763
166,4.97407228574382,166,4.71458513637155,166,1.31347910367114,166,-0.147329882396572
167,4.95701556981862,167,4.713394254161,167,1.31407870161811,167,-0.137988982369867
168,4.94265244934762,168,4.71186428807023,168,1.31485060560876,168,-0.130407839770063
169,4.92828932887662,169,4.71033432197945,169,1.31562250959942,169,-0.122826697170258
170,4.91392620840562,170,4.70880435588868,170,1.31639441359008,170,-0.115245554570454
171,4.89956308793462,171,4.70727438979791,171,1.31716631758073,171,-0.107664411970649
172,4.88519996746362,172,4.70574442370713,172,1.31793822157139,172,-0.100083269370845
173,4.87083684699262,173,4.70421445761636,173,1.31871012556205,173,-0.092502126771041
174,4.85647372652162,174,4.70268449152559,174,1.3194820295527,174,-0.084920984171236
175,4.84211060605063,175,4.70115452543481,175,1.32025393354336,175,-0.077339841571432
176,4.82774748557963,176,4.69962455934404,176,1.32102583753402,176,-0.069758698971627
177,4.81338436510863,177,4.69809459325326,177,1.32179774152468,177,-0.062177556371823
178,4.79902124463763,178,4.69656462716249,178,1.32256964551533,178,-0.054596413772018
179,4.78465812416663,179,4.69503466107171,179,1.32334154950599,179,-0.047015271172214
180,4.77029500369563,180,4.69350469498094,180,1.32411345349665,180,-0.039434128572409
181,4.75593188322463,181,4.69197472889017,181,1.3248853574873,181,-0.031852985972605
182,4.74156876275363,182,4.69044476279939,182,1.32565726147796,182,-0.024271843372801
183,4.72720564228263,183,4.68891479670862,183,1.32642916546862,183,-0.016690700772996
184,4.71284252181164,184,4.68738483061785,184,1.32720106945927,184,-0.009109558173192
185,4.69847940134064,185,4.68585486452707,185,1.32797297344993,185,-0.001528415573387
186,4.68411628086964,186,4.6843248984363,186,1.32874487744059,186,0.006052727026417
187,4.66975316039864,187,4.68279493234552,187,1.32951678143124,187,0.013633869626222
188,4.65539003992764,188,4.68126496625475,188,1.3302886854219,188,0.021215012226026
189,4.64102691945664,189,4.67973500016398,189,1.33106058941256,189,0.028796154825831
190,4.62666379898564,190,4.6782050340732,190,1.33183249340321,190,0.036377297425635
191,4.61230067851464,191,4.67667506798243,191,1.33260439739387,191,0.04395844002544
192,4.59793755804365,192,4.67514510189166,192,1.33337630138453,192,0.051539582625244
193,4.58357443757265,193,4.67361513580088,193,1.33414820537518,193,0.059120725225049
194,4.56921131710165,194,4.67208516971011,194,1.33492010936584,194,0.066701867824853
195,4.55484819663065,195,4.67055520361933,195,1.3356920133565,195,0.074283010424658
196,4.54048507615965,196,4.66902523752856,196,1.33646391734715,196,0.081864153024462
197,4.52612195568865,197,4.66749527143779,197,1.33723582133781,197,0.089445295624266
198,4.51175883521765,198,4.66596530534701,198,1.33800772532847,198,0.097026438224071
199,4.49739571474665,199,4.66443533925624,199,1.33877962931912,199,0.104607580823875
200,4.48303259427566,200,4.66290537316546,200,1.33955153330978,200,0.11218872342368
201,4.46866947380466,201,4.66137540707469,201,1.34032343730044,201,0.119769866023484
202,4.45492014804867,202,4.65976496182463,202,1.34113322341847,202,0.12696483862876
203,4.44328500408883,203,4.65787731058147,203,1.34207349241967,203,0.132829670141773
204,4.431649860129,204,4.65598965933831,204,1.34301376142087,204,0.138694501654786
205,4.42001471616916,205,4.65410200809515,205,1.34395403042207,205,0.144559333167798
206,4.40837957220933,206,4.65221435685198,206,1.34489429942327,206,0.15042416468081
207,4.39674442824949,207,4.65032670560882,207,1.34583456842447,207,0.156288996193823
208,4.38510928428966,208,4.64843905436566,208,1.34677483742567,208,0.162153827706836
209,4.37347414032982,209,4.6465514031225,209,1.34771510642687,209,0.168018659219848
210,4.36183899636999,210,4.64466375187934,210,1.34865537542807,210,0.173883490732861
211,4.35020385241015,211,4.64277610063618,211,1.34959564442928,211,0.179748322245873
212,4.33856870845031,212,4.64088844939301,212,1.35053591343048,212,0.185613153758886
213,4.32693356449048,213,4.63900079814985,213,1.35147618243168,213,0.191477985271898
214,4.31529842053064,214,4.63711314690669,214,1.35241645143288,214,0.197342816784911
215,4.30366327657081,215,4.63522549566353,215,1.35335672043408,215,0.203207648297923
216,4.29202813261097,216,4.63333784442037,216,1.35429698943528,216,0.209072479810936
217,4.28039298865114,217,4.63145019317721,217,1.35523725843648,217,0.214937311323948
218,4.2687578446913,218,4.62956254193405,218,1.35617752743768,218,0.220802142836961
219,4.25712270073147,219,4.62767489069088,219,1.35711779643888,219,0.226666974349973
220,4.24548755677163,220,4.62578723944772,220,1.35805806544008,220,0.232531805862986
221,4.2338524128118,221,4.62389958820456,221,1.35899833444129,221,0.238396637375998
222,4.22221726885196,222,4.6220119369614,222,1.35993860344249,222,0.244261468889011
223,4.21058212489213,223,4.62012428571824,223,1.36087887244369,223,0.250126300402023
224,4.19894698093229,224,4.61823663447508,224,1.36181914144489,224,0.255991131915036
225,4.18731183697245,225,4.61634898323192,225,1.36275941044609,225,0.261855963428048
226,4.17567669301262,226,4.61446133198875,226,1.36369967944729,226,0.267720794941061
227,4.16404154905278,227,4.61257368074559,227,1.36463994844849,227,0.273585626454073
228,4.15240640509295,228,4.61068602950243,228,1.36558021744969,228,0.279450457967086
229,4.14077126113311,229,4.60879837825927,229,1.36652048645089,229,0.285315289480098
230,4.12913611717328,230,4.60691072701611,230,1.36746075545209,230,0.291180120993111
231,4.11750097321344,231,4.60502307577295,231,1.36840102445329,231,0.297044952506123
232,4.10586582925361,232,4.60313542452978,232,1.3693412934545,232,0.302909784019136
233,4.09423068529377,233,4.60124777328662,233,1.3702815624557,233,0.308774615532148
234,4.08259554133394,234,4.59936012204346,234,1.3712218314569,234,0.314639447045161
235,4.0709603973741,235,4.5974724708003,235,1.3721621004581,235,0.320504278558173
236,4.05932525341427,236,4.59558481955714,236,1.3731023694593,236,0.326369110071186
237,4.04816428265957,237,4.5936374135951,237,1.37406782710039,237,0.331945296169327
238,4.03863657516703,238,4.59148418582357,238,1.37512004561223,238,0.336527259171801
239,4.02910886767449,239,4.58933095805204,239,1.37617226412407,239,0.341109222174274
240,4.01958116018195,240,4.58717773028051,240,1.37722448263591,240,0.345691185176748
241,4.01005345268941,241,4.58502450250898,241,1.37827670114775,241,0.350273148179222
242,4.00052574519686,242,4.58287127473746,242,1.37932891965958,242,0.354855111181695
243,3.99099803770432,243,4.58071804696593,243,1.38038113817142,243,0.359437074184169
244,3.98147033021178,244,4.5785648191944,244,1.38143335668326,244,0.364019037186642
245,3.97194262271924,245,4.57641159142287,245,1.3824855751951,245,0.368601000189116
246,3.9624149152267,246,4.57425836365134,246,1.38353779370694,246,0.37318296319159
247,3.95288720773416,247,4.57210513587981,247,1.38459001221878,247,0.377764926194063
248,3.94335950024162,248,4.56995190810829,248,1.38564223073061,248,0.382346889196537
249,3.93383179274908,249,4.56779868033676,249,1.38669444924245,249,0.38692885219901
250,3.92430408525653,250,4.56564545256523,250,1.38774666775429,250,0.391510815201484
251,3.91477637776399,251,4.5634922247937,251,1.38879888626613,251,0.396092778203957
252,3.90524867027145,252,4.56133899702217,252,1.38985110477797,252,0.400674741206431
253,3.89572096277891,253,4.55918576925065,253,1.3909033232898,253,0.405256704208905
254,3.88619325528637,254,4.55703254147912,254,1.39195554180164,254,0.409838667211378
255,3.87666554779383,255,4.55487931370759,255,1.39300776031348,255,0.414420630213852
256,3.86713784030129,256,4.55272608593606,256,1.39405997882532,256,0.419002593216325
257,3.85761013280875,257,4.55057285816453,257,1.39511219733716,257,0.423584556218799
258,3.84808242531621,258,4.548419630393,258,1.396164415849,258,0.428166519221272
259,3.83855471782366,259,4.54626640262148,259,1.39721663436083,259,0.432748482223746
260,3.82902701033112,260,4.54411317484995,260,1.39826885287267,260,0.43733044522622
261,3.81949930283858,261,4.54195994707842,261,1.39932107138451,261,0.441912408228693
262,3.80997159534604,262,4.53980671930689,262,1.40037328989635,262,0.446494371231167
263,3.8004438878535,263,4.53765349153536,263,1.40142550840819,263,0.45107633423364
264,3.79091618036096,264,4.53550026376384,264,1.40247772692002,264,0.455658297236114
265,3.78138847286842,265,4.53334703599231,265,1.40352994543186,265,0.460240260238587
266,3.77186076537588,266,4.53119380822078,266,1.4045821639437,266,0.464822223241061
267,3.76233305788333,267,4.52904058044925,267,1.40563438245554,267,0.469404186243535
268,3.75280535039079,268,4.52688735267772,268,1.40668660096738,268,0.473986149246008
269,3.74327764289825,269,4.52473412490619,269,1.40773881947922,269,0.478568112248482
270,3.73374993540571,270,4.52258089713467,270,1.40879103799105,270,0.483150075250955
271,3.72422222791317,271,4.52042766936314,271,1.40984325650289,271,0.487732038253429
272,3.7148274368567,272,4.51825899517899,272,1.41090123562568,272,0.49223487595048
273,3.70591101290268,273,4.51603472925718,273,1.41197994722407,273,0.496452941167904
274,3.69702812988355,274,4.51380656549448,274,1.41306011248975,274,0.500651039428672
275,3.68817878779932,275,4.51157450389088,275,1.41414173142274,275,0.504829170732785
276,3.67936298664998,276,4.50933854444639,276,1.41522480402303,276,0.508987335080242
277,3.67058072643555,277,4.507098687161,277,1.41630933029062,277,0.513125532471043
278,3.66183200715601,278,4.50485493203473,278,1.41739531022551,278,0.517243762905189
279,3.65311682881137,279,4.50260727906755,279,1.4184827438277,279,0.521342026382679
280,3.64443519140163,280,4.50035572825949,280,1.41957163109719,280,0.525420322903513
281,3.63578709492679,281,4.49810027961053,281,1.42066197203398,281,0.529478652467691
282,3.62717253938684,282,4.49584093312067,282,1.42175376663807,282,0.533517015075214
283,3.61859152478179,283,4.49357768878993,283,1.42284701490946,283,0.537535410726082
284,3.61004405111164,284,4.49131054661829,284,1.42394171684815,284,0.541533839420293
285,3.60153011837639,285,4.48903950660576,285,1.42503787245414,285,0.545512301157849
286,3.59304972657604,286,4.48676456875233,286,1.42613548172744,286,0.549470795938749
287,3.58460287571058,287,4.48448573305801,287,1.42723454466803,287,0.553409323762994
288,3.57618956578002,288,4.4822029995228,288,1.42833506127592,288,0.557327884630582
289,3.56780979678436,289,4.47991636814669,289,1.42943703155112,289,0.561226478541516
290,3.5594635687236,290,4.47762583892969,290,1.43054045549361,290,0.565105105495793
291,3.55115088159774,291,4.4753314118718,291,1.4316453331034,291,0.568963765493415
292,3.54287173540677,292,4.47303308697301,292,1.4327516643805,292,0.572802458534381
293,3.5346261301507,293,4.47073086423333,293,1.43385944932489,293,0.576621184618691
294,3.52641406582953,294,4.46842474365275,294,1.43496868793659,294,0.580419943746347
295,3.51823554244326,295,4.46611472523129,295,1.43607938021558,295,0.584198735917346
296,3.51009055999189,296,4.46380080896892,296,1.43719152616188,296,0.587957561131689
297,3.50197911847541,297,4.46148299486567,297,1.43830512577548,297,0.591696419389377
298,3.49390121789383,298,4.45916128292152,298,1.43942017905637,298,0.595415310690409
299,3.48585685824715,299,4.45683567313648,299,1.44053668600457,299,0.599114235034785
300,3.47784603953537,300,4.45450616551055,300,1.44165464662007,300,0.602793192422506
301,3.46986876175848,301,4.45217276004372,301,1.44277406090287,301,0.606452182853571
302,3.46192502491649,302,4.449835456736,302,1.44389492885296,302,0.61009120632798
303,3.4540148290094,303,4.44749425558738,303,1.44501725047036,303,0.613710262845734
304,3.44613817403721,304,4.44514915659787,304,1.44614102575506,304,0.617309352406832
305,3.43829505999992,305,4.44280015976747,305,1.44726625470706,305,0.620888475011275
306,3.43048548689752,306,4.44044726509617,306,1.44839293732636,306,0.624447630659062
307,3.42272512585754,307,4.4380910234519,307,1.44951979132495,307,0.627979343109459
308,3.41505470624047,308,4.4357328665439,308,1.4506434840281,308,0.631464181565046
309,3.40742178210511,309,4.43337095080434,309,1.45176830681827,309,0.634927166464312
310,3.39982635345145,310,4.43100527623321,310,1.45289425969544,310,0.638368297807259
311,3.3922684202795,311,4.42863584283052,311,1.45402134265963,311,0.641787575593885
312,3.38474798258924,312,4.42626265059628,312,1.45514955571083,312,0.645184999824191
313,3.3772650403807,313,4.42388569953047,313,1.45627889884905,313,0.648560570498176
314,3.36981959365385,314,4.4215049896331,314,1.45740937207427,314,0.651914287615841
315,3.36241164240871,315,4.41912052090416,315,1.45854097538651,315,0.655246151177185
316,3.35504118664527,316,4.41673229334367,316,1.45967370878576,316,0.65855616118221
317,3.34770822636354,317,4.41434030695162,317,1.46080757227203,317,0.661844317630914
318,3.34041276156351,318,4.411944561728,318,1.4619425658453,318,0.665110620523297
319,3.33315479224518,319,4.40954505767282,319,1.46307868950559,319,0.668355069859361
320,3.32593431840856,320,4.40714179478609,320,1.46421594325289,320,0.671577665639104
321,3.31875134005364,321,4.40473477306779,321,1.4653543270872,321,0.674778407862526
322,3.31160585718042,322,4.40232399251792,322,1.46649384100853,322,0.677957296529629
323,3.30449786978891,323,4.3999094531365,323,1.46763448501687,323,0.681114331640411
324,3.2974273778791,324,4.39749115492352,324,1.46877625911222,324,0.684249513194872
325,3.290394381451,325,4.39506909787898,325,1.46991916329458,325,0.687362841193014
326,3.2833988805046,326,4.39264328200287,326,1.47106319756395,326,0.690454315634835
327,3.2764408750399,327,4.3902137072952,327,1.47220836192034,327,0.693523936520335
328,3.2695203650569,328,4.38778037375597,328,1.47335465636374,328,0.696571703849516
329,3.26263735055561,329,4.38534328138518,329,1.47450208089415,329,0.699597617622376
330,3.25579183153603,330,4.38290243018283,330,1.47565063551158,330,0.702601677838915
331,3.24898380799814,331,4.38045782014892,331,1.47680032021601,331,0.705583884499135
332,3.24221327994196,332,4.37800945128345,332,1.47795113500746,332,0.708544237603034
333,3.23548024736749,333,4.37555732358641,333,1.47910307988592,333,0.711482737150612
334,3.22878471027471,334,4.37310143705782,334,1.4802561548514,334,0.714399383141871
335,3.22212666866365,335,4.37064179169766,335,1.48141035990388,335,0.717294175576809
336,3.21550612253428,336,4.36817838750594,336,1.48256569504338,336,0.720167114455427
337,3.20892307188662,337,4.36571122448266,337,1.48372216026989,337,0.723018199777724
338,3.20237751672066,338,4.36324030262782,338,1.48487975558342,338,0.725847431543701
339,3.19586945703641,339,4.36076562194142,339,1.48603848098395,339,0.728654809753358
340,3.18939889283385,340,4.35828718242346,340,1.4871983364715,340,0.731440334406694
341,3.18296582411301,341,4.35580498407393,341,1.48835932204606,341,0.73420400550371
342,3.17655149767067,342,4.35332452843405,342,1.48951816414952,342,0.736958711719679
343,3.17010717381197,343,4.35086011404454,343,1.49066635478344,343,0.739737950803964
344,3.16369561313861,344,4.34839332911554,344,1.49181484943497,344,0.742498588737959
345,3.15731681565058,345,4.34592417364707,345,1.49296364810413,345,0.745240625521664
346,3.1509707813479,346,4.3434526476391,346,1.4941127507909,346,0.74796406115508
347,3.14465751023055,347,4.34097875109166,347,1.4952621574953,347,0.750668895638206
348,3.13837700229854,348,4.33850248400474,348,1.49641186821732,348,0.753355128971042
349,3.13212925755187,349,4.33602384637833,349,1.49756188295696,349,0.756022761153588
350,3.12591427599053,350,4.33354283821244,350,1.49871220171422,350,0.758671792185845
